﻿{"cameraMode":{"drawMode":0,"name":"Shaded","section":"Shading Mode"},"sceneLighting":true,"audioPlay":false,"sceneViewState":{"showFog":true,"showMaterialUpdate":false,"showSkybox":true,"showFlares":true,"showImageEffects":true,"showParticleSystems":true},"in2DMode":false,"pivot":{"x":5.632154941558838,"y":-1.3732271194458008,"z":14.556256294250489},"rotation":{"x":-0.2933672368526459,"y":0.07932412624359131,"z":-0.024434270337224008,"w":-0.9523898363113403},"size":13.608617782592774,"orthographic":false}