﻿{"cameraMode":{"drawMode":0,"name":"Shaded","section":"Shading Mode"},"sceneLighting":true,"audioPlay":false,"sceneViewState":{"showFog":true,"showMaterialUpdate":false,"showSkybox":true,"showFlares":true,"showImageEffects":true,"showParticleSystems":true},"in2DMode":false,"pivot":{"x":4.780520915985107,"y":2.708739757537842,"z":-1.0517845153808594},"rotation":{"x":0.2104080766439438,"y":-0.3702201843261719,"z":0.08648932725191117,"w":0.9006581902503967},"size":11.77435302734375,"orthographic":false}